index,feature,coefficient,odds_ratio,importance,family
0,BENE_ESRD_IND,0.2072725389567638,1.2303178356318585,0.2072725389567638,Disease
1,age,0.0232528247981312,1.0235252794100616,0.0232528247981312,Demographics
2,prior_ESRD,0.0211259208534002,1.0213506528864016,0.0211259208534002,Disease
3,2008_max_carrier_chronic_code_counts,0.0646359159786356,1.066770559556369,0.0646359159786356,Chronic Count
4,2008_max_ip_chronic_code_counts,0.0522338800471972,1.0536221348937478,0.0522338800471972,Chronic Count
5,2008_max_op_chronic_code_counts,0.0425156061650159,1.043432340223898,0.0425156061650159,Chronic Count
6,2008_has_Additional endocrine/metabolic burden,0.0796395153490302,1.0828966296921458,0.0796395153490302,Disease
7,2008_has_COPD,0.0630814419561059,1.065113580632545,0.0630814419561059,Disease
8,2008_has_Administrative_screening_aftercare,0.0381282019733264,1.0388644088088348,0.0381282019733264,Disease
9,2008_has_Cancer,0.0162110571346056,1.0163431692482037,0.0162110571346056,Disease
10,2008_has_Injury/Frailty Burden,0.0527939564295803,1.0542124090513352,0.0527939564295803,Disease
11,2008_has_Additional cardiovascular burden,0.3830995657395507,1.4668240682212226,0.3830995657395507,Disease
12,2008_has_Additional mental health burden,0.0341552670787059,1.0347452561291377,0.0341552670787059,Disease
13,2008_has_Additional Musculoskeletal Burden,0.1288329850866541,1.1375001288146998,0.1288329850866541,Disease
14,2008_has_Infectious disease burden,0.0502581298164836,1.0515424958178432,0.0502581298164836,Disease
15,2008_has_Stroke/TIA,0.0060864235192496,1.0061049834302642,0.0060864235192496,Disease
16,2008_has_Additional neurologic burden,0.0109761390875832,1.0110365979011913,0.0109761390875832,Disease
17,2008_has_Diabetes,0.0474216177814317,1.0485640091267856,0.0474216177814317,Disease
18,2008_has_Additional renal burden,0.0114147330057398,1.011480129662121,0.0114147330057398,Disease
19,2008_has_Genitourinary (non-renal) burden,-0.0390294828339306,0.9617223544279172,0.0390294828339306,Disease
20,2008_has_Sensory Burden,-0.0080184678123397,0.9920135943469928,0.0080184678123397,Disease
21,2008_has_Additional Hematologic burden,0.0245336162339399,1.0248370416898898,0.0245336162339399,Disease
22,2008_has_Rheumatoid Arthritis/Osteoarthritis,0.0279479471079197,1.0283421548450449,0.0279479471079197,Disease
23,2008_has_Depression,0.0354430525309601,1.0360786443914998,0.0354430525309601,Disease
24,2008_has_Heart Failure,0.0439285792770141,1.0449077241582725,0.0439285792770141,Disease
25,2008_has_CKD,0.0363908184591829,1.0370610699107907,0.0363908184591829,Disease
26,2008_has_Additional GI/Hepatic burden,0.0538311165210295,1.0553063632946915,0.0538311165210295,Disease
27,2008_num_carrier_claims,0.3232177571193155,1.3815661640203636,0.3232177571193155,Utilization
28,2008_avg_carrier_claim_duration,0.0080760462620815,1.00810874549125,0.0080760462620815,Utilization
29,2008_num_ip_claims,-0.0971334148326706,0.9074349327772456,0.0971334148326706,Utilization
30,2008_avg_ip_claim_duration,0.0370835044541828,1.037779676445486,0.0370835044541828,Utilization
31,2008_num_op_claims,0.0589983947372089,1.0607735379185022,0.0589983947372089,Utilization
32,2008_avg_op_claim_duration,0.0591901099185112,1.060976923805103,0.0591901099185112,Utilization
33,2008_num_pde_claims,0.4279177200449396,1.534059853398854,0.4279177200449396,Utilization
34,2008_total_days_medsupplied,-0.330283664872439,0.7187198289444263,0.330283664872439,Utilization
35,2008_avg_days_supplied_per_pdeclaim,-0.022755584419732,0.9775013711430308,0.022755584419732,Utilization
36,2008_avg_carrier_rejected_amt,-0.0197852799495948,0.980409164212795,0.0197852799495948,Cost
37,2008_avg_carrier_reimb_allowed_diff,0.0006887808222866,1.0006890180862684,0.0006887808222866,Cost
38,2008_avg_carrier_insurance_cost,0.0250026818489283,1.0253178702683732,0.0250026818489283,Cost
39,2008_total_carrier_insurance_cost,0.1680067382866221,1.1829445816406046,0.1680067382866221,Cost
40,2008_avg_carrier_beneficiary_cost,0.0492039587377233,1.0504345742027272,0.0492039587377233,Cost
41,2008_total_carrier_beneficiary_cost,-0.0688935344296065,0.9334260525253382,0.0688935344296065,Cost
42,2008_avg_inpatient_beneficiary_cost,0.0105924769454655,1.0106487758353606,0.0105924769454655,Cost
43,2008_total_inpatient_beneficiary_cost,0.0045345112902519,1.0045448077438184,0.0045345112902519,Cost
44,2008_avg_inpatient_insurance_cost,0.0130833208301779,1.0131692819486962,0.0130833208301779,Cost
45,2008_total_inpatient_insurance_cost_adj,-0.0202746313529289,0.9799295169800406,0.0202746313529289,Cost
46,2008_avg_outpatient_insurance_cost,-0.0697582360644393,0.9326192663566536,0.0697582360644393,Cost
47,2008_avg_outpatient_beneficiary_cost,0.028213278487239,1.0286150424886285,0.028213278487239,Cost
48,2008_total_outpatient_beneficiary_cost,0.0292587532706547,1.02969099592048,0.0292587532706547,Cost
49,2008_total_medoop,-0.0607573662629382,0.9410515429304948,0.0607573662629382,Cost
50,2008_total_raw_drug_cost,0.2428319971160116,1.2748544269057032,0.2428319971160116,Cost
51,2008_total_outpatient_insurance_cost_adj,0.1604874235177234,1.1740830072136332,0.1604874235177234,Cost
52,2008_claim_processing_burden,-0.0022858131915051,0.9977167972900648,0.0022858131915051,Cost
53,2008_PART_A_INSUR_CVRAGE_TOT_MONS,-0.2977998767335617,0.7424499063818905,0.2977998767335617,Coverage
54,2008_PART_B_INSUR_CVRAGE_TOT_MONS,0.1617662489843296,1.1755854149170315,0.1617662489843296,Coverage
55,2008_HMO_INSUR_CVRAGE_TOT_MONS,-0.012717282103982,0.9873632408223768,0.012717282103982,Coverage
56,2008_PART_D_INSUR_CVRAGE_TOT_MONS,-0.0425772646177607,0.9583164187085992,0.0425772646177607,Coverage
57,2008_High_Payer_Cost,-0.012745821087655,0.9873350628810544,0.012745821087655,Risk
58,2008_High_OOP_Burden,0.0220998257945226,1.0223458358620148,0.0220998257945226,Risk
59,BENE_COUNTY_CD_0,0.263176379955743,1.3010561789463193,0.263176379955743,Geography
60,BENE_COUNTY_CD_1,-0.2154999753575783,0.8061382901233168,0.2154999753575783,Geography
61,BENE_COUNTY_CD_10,0.0277950745487013,1.0281849615636571,0.0277950745487013,Geography
62,BENE_COUNTY_CD_100,0.2445774960994706,1.2770816272344,0.2445774960994706,Geography
63,BENE_COUNTY_CD_11,-0.4768484130208674,0.6207366177506864,0.4768484130208674,Geography
64,BENE_COUNTY_CD_110,0.0249101582892188,1.0252230085977196,0.0249101582892188,Geography
65,BENE_COUNTY_CD_111,-0.9997815959753942,0.3679597962965859,0.9997815959753942,Geography
66,BENE_COUNTY_CD_113,-0.2399395464835352,0.7866754169243491,0.2399395464835352,Geography
67,BENE_COUNTY_CD_117,-0.2892637938513733,0.7488146466468187,0.2892637938513733,Geography
68,BENE_COUNTY_CD_120,0.1693638240641573,1.184551028704646,0.1693638240641573,Geography
69,BENE_COUNTY_CD_130,0.1337232979095566,1.143076484228607,0.1337232979095566,Geography
70,BENE_COUNTY_CD_131,0.1377126203345568,1.147645692844033,0.1377126203345568,Geography
71,BENE_COUNTY_CD_14,-0.0798224184380618,0.9232802893854738,0.0798224184380618,Geography
72,BENE_COUNTY_CD_140,0.1131060951375376,1.119750726754115,0.1131060951375376,Geography
73,BENE_COUNTY_CD_141,0.1504496982739247,1.1623568350774565,0.1504496982739247,Geography
74,BENE_COUNTY_CD_150,0.1684115581344925,1.1834235580292165,0.1684115581344925,Geography
75,BENE_COUNTY_CD_160,0.1736212006353651,1.1896048588972872,0.1736212006353651,Geography
76,BENE_COUNTY_CD_161,0.7581047478723241,2.1342274858387653,0.7581047478723241,Geography
77,BENE_COUNTY_CD_170,0.2938762953986731,1.3416179290902226,0.2938762953986731,Geography
78,BENE_COUNTY_CD_180,-0.0025459068916082,0.9974573311808156,0.0025459068916082,Geography
79,BENE_COUNTY_CD_190,0.2369034375314307,1.267318736441002,0.2369034375314307,Geography
80,BENE_COUNTY_CD_191,0.0536515277663255,1.0551168591559916,0.0536515277663255,Geography
81,BENE_COUNTY_CD_194,0.190262497805947,1.2095670646888554,0.190262497805947,Geography
82,BENE_COUNTY_CD_20,0.1138435056171936,1.12057674719526,0.1138435056171936,Geography
83,BENE_COUNTY_CD_200,0.1011700096600466,1.1064647354676276,0.1011700096600466,Geography
84,BENE_COUNTY_CD_201,-0.0943309294193091,0.9099815727338344,0.0943309294193091,Geography
85,BENE_COUNTY_CD_210,-0.0074394165447061,0.9925881874196774,0.0074394165447061,Geography
86,BENE_COUNTY_CD_211,-0.4069937326974693,0.6656483621081126,0.4069937326974693,Geography
87,BENE_COUNTY_CD_212,-0.5698674362366432,0.5656004118492168,0.5698674362366432,Geography
88,BENE_COUNTY_CD_213,-0.2197244271252278,0.802739980849294,0.2197244271252278,Geography
89,BENE_COUNTY_CD_220,0.3558652373316034,1.4274151730240092,0.3558652373316034,Geography
90,BENE_COUNTY_CD_221,0.5390008616702463,1.714293190194974,0.5390008616702463,Geography
91,BENE_COUNTY_CD_222,-0.2683846032343252,0.7646136516614842,0.2683846032343252,Geography
92,BENE_COUNTY_CD_223,-0.6096246218994034,0.5435548693779183,0.6096246218994034,Geography
93,BENE_COUNTY_CD_224,-0.3563676273795441,0.7002151546500318,0.3563676273795441,Geography
94,BENE_COUNTY_CD_230,0.4109444053549737,1.508241504076172,0.4109444053549737,Geography
95,BENE_COUNTY_CD_240,0.1502652701935644,1.1621424836044922,0.1502652701935644,Geography
96,BENE_COUNTY_CD_241,-0.1158748110054117,0.8905867079735645,0.1158748110054117,Geography
97,BENE_COUNTY_CD_25,-0.556461744336809,0.5732337273300859,0.556461744336809,Geography
98,BENE_COUNTY_CD_250,0.1105527395200872,1.1168952520184263,0.1105527395200872,Geography
99,BENE_COUNTY_CD_251,1.769069055878597,5.8653904681769,1.769069055878597,Geography
100,BENE_COUNTY_CD_260,0.1930356568098782,1.2129260418213363,0.1930356568098782,Geography
101,BENE_COUNTY_CD_270,0.1282191129667436,1.13680206348257,0.1282191129667436,Geography
102,BENE_COUNTY_CD_280,0.2832718796552333,1.3274660237642986,0.2832718796552333,Geography
103,BENE_COUNTY_CD_281,0.7431427597142027,2.1025328977578925,0.7431427597142027,Geography
104,BENE_COUNTY_CD_288,0.3564137199844895,1.428198300231091,0.3564137199844895,Geography
105,BENE_COUNTY_CD_290,0.1738919800037908,1.1899270229653784,0.1738919800037908,Geography
106,BENE_COUNTY_CD_291,0.3003215274455122,1.3502928940118168,0.3003215274455122,Geography
107,BENE_COUNTY_CD_30,-0.0089577990034695,0.991082202546966,0.0089577990034695,Geography
108,BENE_COUNTY_CD_300,-0.1577478527347102,0.8540651050013895,0.1577478527347102,Geography
109,BENE_COUNTY_CD_301,-0.4675047124835031,0.6265637760357083,0.4675047124835031,Geography
110,BENE_COUNTY_CD_310,0.0916955572679736,1.0960310925824228,0.0916955572679736,Geography
111,BENE_COUNTY_CD_311,-0.7410884287517994,0.4765948935279672,0.7410884287517994,Geography
112,BENE_COUNTY_CD_312,0.2289884133360452,1.257327470694556,0.2289884133360452,Geography
113,BENE_COUNTY_CD_320,-0.0813467198360306,0.9218740040233095,0.0813467198360306,Geography
114,BENE_COUNTY_CD_321,-0.6238961163684076,0.535852621092424,0.6238961163684076,Geography
115,BENE_COUNTY_CD_328,0.1892510213828132,1.2083442346568518,0.1892510213828132,Geography
116,BENE_COUNTY_CD_330,0.211070359658139,1.2349992461293051,0.211070359658139,Geography
117,BENE_COUNTY_CD_331,0.1255613674608793,1.1337847443166156,0.1255613674608793,Geography
118,BENE_COUNTY_CD_34,-0.006976024039747,0.9930482519332298,0.006976024039747,Geography
119,BENE_COUNTY_CD_340,0.4849471688913614,1.624089204144488,0.4849471688913614,Geography
120,BENE_COUNTY_CD_341,-0.2103723718687104,0.8102824633909266,0.2103723718687104,Geography
121,BENE_COUNTY_CD_342,-0.1257283932970919,0.8818543318065822,0.1257283932970919,Geography
122,BENE_COUNTY_CD_343,-0.4598258103490206,0.631393618162577,0.4598258103490206,Geography
123,BENE_COUNTY_CD_350,0.1284745686973714,1.1370925031799393,0.1284745686973714,Geography
124,BENE_COUNTY_CD_360,-0.0844414740350977,0.9190254406535828,0.0844414740350977,Geography
125,BENE_COUNTY_CD_361,-0.6623696603686536,0.5156280223574478,0.6623696603686536,Geography
126,BENE_COUNTY_CD_362,-0.977781263852493,0.3761447396254549,0.977781263852493,Geography
127,BENE_COUNTY_CD_370,0.0532372174037381,1.054679803852025,0.0532372174037381,Geography
128,BENE_COUNTY_CD_380,0.3795264905818435,1.4615923478134998,0.3795264905818435,Geography
129,BENE_COUNTY_CD_381,0.3080297906475399,1.360741525704524,0.3080297906475399,Geography
130,BENE_COUNTY_CD_390,0.2170245703644283,1.2423746273601053,0.2170245703644283,Geography
131,BENE_COUNTY_CD_391,-0.7639215216069152,0.4658360542803376,0.7639215216069152,Geography
132,BENE_COUNTY_CD_392,0.2273139338636056,1.2552238633699075,0.2273139338636056,Geography
133,BENE_COUNTY_CD_40,0.1310773036725026,1.1400559084142508,0.1310773036725026,Geography
134,BENE_COUNTY_CD_400,0.2441633249721275,1.276552806415856,0.2441633249721275,Geography
135,BENE_COUNTY_CD_410,0.3165616884763493,1.3724009009454765,0.3165616884763493,Geography
136,BENE_COUNTY_CD_411,-0.6137610695479302,0.5413111268775685,0.6137610695479302,Geography
137,BENE_COUNTY_CD_412,-0.0119826502644159,0.988088855793599,0.0119826502644159,Geography
138,BENE_COUNTY_CD_420,0.2080651449967633,1.2312933795394243,0.2080651449967633,Geography
139,BENE_COUNTY_CD_421,-0.0647077903979688,0.937341323498283,0.0647077903979688,Geography
140,BENE_COUNTY_CD_430,0.1298965068288938,1.1387105284625778,0.1298965068288938,Geography
141,BENE_COUNTY_CD_431,-0.1811327392701795,0.8343246037061951,0.1811327392701795,Geography
142,BENE_COUNTY_CD_440,0.0140768334854436,1.014176378651059,0.0140768334854436,Geography
143,BENE_COUNTY_CD_441,-0.1889963005393538,0.8277895690640031,0.1889963005393538,Geography
144,BENE_COUNTY_CD_450,0.1592708722829523,1.1726555435488792,0.1592708722829523,Geography
145,BENE_COUNTY_CD_451,-0.1881828783180073,0.8284631854241948,0.1881828783180073,Geography
146,BENE_COUNTY_CD_460,0.2461629046689085,1.2791079292239291,0.2461629046689085,Geography
147,BENE_COUNTY_CD_461,0.0483755776647012,1.0495647743955978,0.0483755776647012,Geography
148,BENE_COUNTY_CD_462,0.1521161031550462,1.1642954069552518,0.1521161031550462,Geography
149,BENE_COUNTY_CD_470,0.1510238491296113,1.1630243948706045,0.1510238491296113,Geography
150,BENE_COUNTY_CD_471,-0.7592920173591734,0.4679976439560188,0.7592920173591734,Geography
151,BENE_COUNTY_CD_480,0.1827849786597659,1.2005562351147765,0.1827849786597659,Geography
152,BENE_COUNTY_CD_490,0.3577392505963692,1.4300926760470758,0.3577392505963692,Geography
153,BENE_COUNTY_CD_50,0.3757923238873162,1.456144695897663,0.3757923238873162,Geography
154,BENE_COUNTY_CD_500,-0.0855274630850241,0.9180279308288388,0.0855274630850241,Geography
155,BENE_COUNTY_CD_510,0.1248507746836012,1.1329793712463485,0.1248507746836012,Geography
156,BENE_COUNTY_CD_511,0.6358624493287847,1.888650304441155,0.6358624493287847,Geography
157,BENE_COUNTY_CD_520,-0.0565994785427505,0.9449724753344916,0.0565994785427505,Geography
158,BENE_COUNTY_CD_521,-0.2716738261162463,0.7621027985840478,0.2716738261162463,Geography
159,BENE_COUNTY_CD_522,0.0585051761844407,1.0602504737323992,0.0585051761844407,Geography
160,BENE_COUNTY_CD_530,0.0614382341865122,1.063364814907554,0.0614382341865122,Geography
161,BENE_COUNTY_CD_531,0.9905021922703792,2.6925863289166023,0.9905021922703792,Geography
162,BENE_COUNTY_CD_540,0.1548365003415403,1.1674670650334331,0.1548365003415403,Geography
163,BENE_COUNTY_CD_541,-0.4806277169015743,0.618395092896335,0.4806277169015743,Geography
164,BENE_COUNTY_CD_542,1.0696609853191963,2.914391311041134,1.0696609853191963,Geography
165,BENE_COUNTY_CD_55,-0.8208616095845228,0.4400523378060679,0.8208616095845228,Geography
166,BENE_COUNTY_CD_550,0.2065536187909069,1.2294336531957832,0.2065536187909069,Geography
167,BENE_COUNTY_CD_551,0.2973500137740128,1.3462864357874758,0.2973500137740128,Geography
168,BENE_COUNTY_CD_552,-0.8142446112499351,0.4429738184490731,0.8142446112499351,Geography
169,BENE_COUNTY_CD_560,0.3055970586553405,1.3574352295586392,0.3055970586553405,Geography
170,BENE_COUNTY_CD_561,-0.4496487369319231,0.6378521661843221,0.4496487369319231,Geography
171,BENE_COUNTY_CD_562,-0.1834738000209828,0.8323736836252558,0.1834738000209828,Geography
172,BENE_COUNTY_CD_563,-0.2939405473633039,0.7453208014129318,0.2939405473633039,Geography
173,BENE_COUNTY_CD_564,-0.1960478717599942,0.8219728844476656,0.1960478717599942,Geography
174,BENE_COUNTY_CD_570,0.3844898936359391,1.468864852993626,0.3844898936359391,Geography
175,BENE_COUNTY_CD_580,-0.1049861006156332,0.9003370366298284,0.1049861006156332,Geography
176,BENE_COUNTY_CD_581,-0.2723391821492069,0.7615958975428071,0.2723391821492069,Geography
177,BENE_COUNTY_CD_582,-0.715212577518813,0.4890881316033003,0.715212577518813,Geography
178,BENE_COUNTY_CD_590,0.1615651588008273,1.1753490399973576,0.1615651588008273,Geography
179,BENE_COUNTY_CD_591,0.1779021560332054,1.1947084205048537,0.1779021560332054,Geography
180,BENE_COUNTY_CD_592,-0.0638970882983207,0.9381015361887056,0.0638970882983207,Geography
181,BENE_COUNTY_CD_60,0.1997701992136294,1.2211221110935628,0.1997701992136294,Geography
182,BENE_COUNTY_CD_600,-0.15023074110166,0.8605093986292807,0.15023074110166,Geography
183,BENE_COUNTY_CD_601,-0.2308304405198719,0.7938740634972762,0.2308304405198719,Geography
184,BENE_COUNTY_CD_610,0.0828988881869904,1.0864319518900616,0.0828988881869904,Geography
185,BENE_COUNTY_CD_611,-0.408365168529906,0.6647360937942276,0.408365168529906,Geography
186,BENE_COUNTY_CD_612,-0.7064343227050011,0.493400371126679,0.7064343227050011,Geography
187,BENE_COUNTY_CD_620,0.056088132281172,1.0576908963405007,0.056088132281172,Geography
188,BENE_COUNTY_CD_621,-0.3389172099679822,0.7125414379757762,0.3389172099679822,Geography
189,BENE_COUNTY_CD_622,-1.6998797755859711,0.1827054883926651,1.6998797755859711,Geography
190,BENE_COUNTY_CD_630,0.0481544804579968,1.049332744207282,0.0481544804579968,Geography
191,BENE_COUNTY_CD_631,0.4550515941815314,1.5762547065075314,0.4550515941815314,Geography
192,BENE_COUNTY_CD_632,-0.0456418038314709,0.9553841158377604,0.0456418038314709,Geography
193,BENE_COUNTY_CD_640,0.3458017381351455,1.4131224197562895,0.3458017381351455,Geography
194,BENE_COUNTY_CD_641,-0.1324609266298226,0.8759371592544285,0.1324609266298226,Geography
195,BENE_COUNTY_CD_650,0.4680944361682383,1.596948205235711,0.4680944361682383,Geography
196,BENE_COUNTY_CD_651,1.6748458802240078,5.337972398563424,1.6748458802240078,Geography
197,BENE_COUNTY_CD_652,-0.5140586965568815,0.5980632887766433,0.5140586965568815,Geography
198,BENE_COUNTY_CD_653,-0.5131412442447825,0.5986122351012455,0.5131412442447825,Geography
199,BENE_COUNTY_CD_654,-0.3781504494576924,0.6851274158633716,0.3781504494576924,Geography
200,BENE_COUNTY_CD_660,0.2129764104840014,1.2373554622828518,0.2129764104840014,Geography
201,BENE_COUNTY_CD_661,0.554179962371106,1.7405131131534928,0.554179962371106,Geography
202,BENE_COUNTY_CD_670,-0.0230502983122819,0.977213330355864,0.0230502983122819,Geography
203,BENE_COUNTY_CD_671,0.0748363876818356,1.0777078101861413,0.0748363876818356,Geography
204,BENE_COUNTY_CD_672,0.8994297898872944,2.458201020370888,0.8994297898872944,Geography
205,BENE_COUNTY_CD_680,0.0110678471547885,1.0111293223651845,0.0110678471547885,Geography
206,BENE_COUNTY_CD_681,-0.4717358548993162,0.6239182961146026,0.4717358548993162,Geography
207,BENE_COUNTY_CD_690,0.3125966504758176,1.3669700530954136,0.3125966504758176,Geography
208,BENE_COUNTY_CD_691,-0.222373083831672,0.8006166114950806,0.222373083831672,Geography
209,BENE_COUNTY_CD_70,0.2027766475911479,1.2247988759155883,0.2027766475911479,Geography
210,BENE_COUNTY_CD_700,-0.0251439909840563,0.9751694863046017,0.0251439909840563,Geography
211,BENE_COUNTY_CD_701,0.5910431690044355,1.8058712620900723,0.5910431690044355,Geography
212,BENE_COUNTY_CD_702,1.3465048313944776,3.8439667122051744,1.3465048313944776,Geography
213,BENE_COUNTY_CD_703,0.4686673395406888,1.5978633643719655,0.4686673395406888,Geography
214,BENE_COUNTY_CD_710,0.2590298072568756,1.2956724246932587,0.2590298072568756,Geography
215,BENE_COUNTY_CD_711,-0.2931017014546757,0.7459462730182843,0.2931017014546757,Geography
216,BENE_COUNTY_CD_712,-0.15882636883332,0.8531444785808315,0.15882636883332,Geography
217,BENE_COUNTY_CD_720,0.1806215206724332,1.1979616897456178,0.1806215206724332,Geography
218,BENE_COUNTY_CD_722,1.3047860294763725,3.686900121350085,1.3047860294763725,Geography
219,BENE_COUNTY_CD_730,0.2971937372208721,1.3460760592226413,0.2971937372208721,Geography
220,BENE_COUNTY_CD_731,-0.4322631546630158,0.6490385566874244,0.4322631546630158,Geography
221,BENE_COUNTY_CD_734,-1.0825408574816735,0.3387337570920272,1.0825408574816735,Geography
222,BENE_COUNTY_CD_740,0.1015267912547193,1.1068595721514394,0.1015267912547193,Geography
223,BENE_COUNTY_CD_741,-0.6717171017410687,0.5108306760357211,0.6717171017410687,Geography
224,BENE_COUNTY_CD_742,-0.2287736992614376,0.7955085373063543,0.2287736992614376,Geography
225,BENE_COUNTY_CD_743,-0.3984865353267902,0.6713353198417814,0.3984865353267902,Geography
226,BENE_COUNTY_CD_744,-0.4629021346599175,0.6294542312463303,0.4629021346599175,Geography
227,BENE_COUNTY_CD_750,0.3290285175200918,1.3896174834670685,0.3290285175200918,Geography
228,BENE_COUNTY_CD_751,-0.2928265828241803,0.7461515249683633,0.2928265828241803,Geography
229,BENE_COUNTY_CD_752,-0.6254080149448284,0.5350430784048483,0.6254080149448284,Geography
230,BENE_COUNTY_CD_754,-0.4772034797557604,0.6205162539508358,0.4772034797557604,Geography
231,BENE_COUNTY_CD_755,-0.0205391204660297,0.979670370563407,0.0205391204660297,Geography
232,BENE_COUNTY_CD_756,1.2053449621759034,3.337910332297616,1.2053449621759034,Geography
233,BENE_COUNTY_CD_757,-1.8020427383841144,0.164961570481009,1.8020427383841144,Geography
234,BENE_COUNTY_CD_758,1.0358155863242533,2.8174031343034134,1.0358155863242533,Geography
235,BENE_COUNTY_CD_760,0.4222332250339831,1.525364236327091,0.4222332250339831,Geography
236,BENE_COUNTY_CD_761,-0.9137856231710532,0.4010032996438859,0.9137856231710532,Geography
237,BENE_COUNTY_CD_770,0.2560294244027432,1.291790737551418,0.2560294244027432,Geography
238,BENE_COUNTY_CD_771,-0.1104894599990977,0.8953957676119492,0.1104894599990977,Geography
239,BENE_COUNTY_CD_772,-0.7099389416377814,0.4916742173669302,0.7099389416377814,Geography
240,BENE_COUNTY_CD_780,0.1876882826467392,1.206457383026906,0.1876882826467392,Geography
241,BENE_COUNTY_CD_782,-0.2178742995813553,0.8042265269243165,0.2178742995813553,Geography
242,BENE_COUNTY_CD_783,1.287202216693262,3.6226370109042954,1.287202216693262,Geography
243,BENE_COUNTY_CD_784,-0.0524317238008431,0.9489191074340552,0.0524317238008431,Geography
244,BENE_COUNTY_CD_785,-0.1227297465728184,0.8845026701410141,0.1227297465728184,Geography
245,BENE_COUNTY_CD_790,0.1102659734771714,1.1165750103060728,0.1102659734771714,Geography
246,BENE_COUNTY_CD_791,-0.0705094060141535,0.9319189738415172,0.0705094060141535,Geography
247,BENE_COUNTY_CD_792,-1.1600175584606598,0.3134806765961544,1.1600175584606598,Geography
248,BENE_COUNTY_CD_793,-0.0219256616341745,0.9783129585347072,0.0219256616341745,Geography
249,BENE_COUNTY_CD_794,-0.6863805465385098,0.5033947897072941,0.6863805465385098,Geography
250,BENE_COUNTY_CD_795,-0.2923675177489604,0.7464941357085941,0.2923675177489604,Geography
251,BENE_COUNTY_CD_796,0.933214454506967,2.542669350292318,0.933214454506967,Geography
252,BENE_COUNTY_CD_797,-0.0222695001421098,0.9779766346906088,0.0222695001421098,Geography
253,BENE_COUNTY_CD_80,0.2132401020100661,1.2376817854554223,0.2132401020100661,Geography
254,BENE_COUNTY_CD_800,0.1366528768579351,1.1464301270153097,0.1366528768579351,Geography
255,BENE_COUNTY_CD_801,0.134111290445065,1.143520075421474,0.134111290445065,Geography
256,BENE_COUNTY_CD_802,0.9569972375299224,2.6038659317814963,0.9569972375299224,Geography
257,BENE_COUNTY_CD_803,-0.4823265471725387,0.6173454364396327,0.4823265471725387,Geography
258,BENE_COUNTY_CD_810,0.0942616181572444,1.0988471866917469,0.0942616181572444,Geography
259,BENE_COUNTY_CD_811,0.6221293520063266,1.8628905713146793,0.6221293520063266,Geography
260,BENE_COUNTY_CD_812,-0.6133173522159867,0.5415513693024602,0.6133173522159867,Geography
261,BENE_COUNTY_CD_820,0.5409200463156019,1.7175863944859753,0.5409200463156019,Geography
262,BENE_COUNTY_CD_821,0.0204023574644798,1.0206119082432423,0.0204023574644798,Geography
263,BENE_COUNTY_CD_822,-0.2307447481482705,0.7939420953633944,0.2307447481482705,Geography
264,BENE_COUNTY_CD_830,-0.1241677614526412,0.8832316562275945,0.1241677614526412,Geography
265,BENE_COUNTY_CD_831,-0.6516658586840349,0.5211768462290176,0.6516658586840349,Geography
266,BENE_COUNTY_CD_832,1.0351855453270091,2.8156286138920428,1.0351855453270091,Geography
267,BENE_COUNTY_CD_834,1.146972851438343,3.148647046228749,1.146972851438343,Geography
268,BENE_COUNTY_CD_835,0.5679771972525617,1.764693811182384,0.5679771972525617,Geography
269,BENE_COUNTY_CD_838,-0.1662489009150094,0.8468354298424403,0.1662489009150094,Geography
270,BENE_COUNTY_CD_84,-0.2959104426565336,0.743854042629206,0.2959104426565336,Geography
271,BENE_COUNTY_CD_840,0.6130996859019565,1.8461450086652405,0.6130996859019565,Geography
272,BENE_COUNTY_CD_841,0.6685295359070033,1.951365796580674,0.6685295359070033,Geography
273,BENE_COUNTY_CD_842,-0.1587615163381421,0.8531998089231506,0.1587615163381421,Geography
274,BENE_COUNTY_CD_843,-0.7434808034705985,0.4754560627517318,0.7434808034705985,Geography
275,BENE_COUNTY_CD_844,-0.2400730777565083,0.786570378167646,0.2400730777565083,Geography
276,BENE_COUNTY_CD_845,-0.0195748830532253,0.9806154609594544,0.0195748830532253,Geography
277,BENE_COUNTY_CD_850,0.2859080693865894,1.3309700927308912,0.2859080693865894,Geography
278,BENE_COUNTY_CD_851,0.3513016827077916,1.420915927022581,0.3513016827077916,Geography
279,BENE_COUNTY_CD_860,0.0653259414942748,1.0675069124837329,0.0653259414942748,Geography
280,BENE_COUNTY_CD_861,0.7706080439911096,2.161079886010348,0.7706080439911096,Geography
281,BENE_COUNTY_CD_862,-0.2200909619983641,0.8024458025688448,0.2200909619983641,Geography
282,BENE_COUNTY_CD_867,-0.2367907611580935,0.7891563929135651,0.2367907611580935,Geography
283,BENE_COUNTY_CD_870,0.1767992548160164,1.1933915014829797,0.1767992548160164,Geography
284,BENE_COUNTY_CD_871,0.7640372407222312,2.1469264060208766,0.7640372407222312,Geography
285,BENE_COUNTY_CD_872,-0.1438393022002507,0.8660269054959955,0.1438393022002507,Geography
286,BENE_COUNTY_CD_873,-0.1987004514460653,0.8197954250908563,0.1987004514460653,Geography
287,BENE_COUNTY_CD_874,-0.126406699054793,0.8812563677600189,0.126406699054793,Geography
288,BENE_COUNTY_CD_875,-0.0656814854688516,0.9364290830659376,0.0656814854688516,Geography
289,BENE_COUNTY_CD_876,-0.4053478950235465,0.6667448133028933,0.4053478950235465,Geography
290,BENE_COUNTY_CD_878,0.3042754217982551,1.3556423781383744,0.3042754217982551,Geography
291,BENE_COUNTY_CD_879,-0.2130070778376772,0.8081504172387739,0.2130070778376772,Geography
292,BENE_COUNTY_CD_88,-0.7768662436692285,0.4598447972700702,0.7768662436692285,Geography
293,BENE_COUNTY_CD_880,0.4937187854708355,1.6383977547509316,0.4937187854708355,Geography
294,BENE_COUNTY_CD_881,2.1023912089686303,8.185720296513093,2.1023912089686303,Geography
295,BENE_COUNTY_CD_882,0.1822402554694518,1.1999024423764324,0.1822402554694518,Geography
296,BENE_COUNTY_CD_883,-0.0626688638736288,0.9392544432776831,0.0626688638736288,Geography
297,BENE_COUNTY_CD_884,-0.0763082063769875,0.9265305999093816,0.0763082063769875,Geography
298,BENE_COUNTY_CD_885,-0.4822270448715164,0.6174068667872639,0.4822270448715164,Geography
299,BENE_COUNTY_CD_886,-0.1656745228633483,0.8473219732432599,0.1656745228633483,Geography
300,BENE_COUNTY_CD_888,-0.0686832765978901,0.9336223332972714,0.0686832765978901,Geography
301,BENE_COUNTY_CD_890,0.1917226579143571,1.2113345163323253,0.1917226579143571,Geography
302,BENE_COUNTY_CD_891,-0.3178690842838867,0.7276980492901236,0.3178690842838867,Geography
303,BENE_COUNTY_CD_892,0.4309925402353074,1.5387840709469678,0.4309925402353074,Geography
304,BENE_COUNTY_CD_90,0.2474444744327729,1.2807482461365134,0.2474444744327729,Geography
305,BENE_COUNTY_CD_900,-0.0277423609319381,0.9726389243091792,0.0277423609319381,Geography
306,BENE_COUNTY_CD_901,-0.8536790840836932,0.4258453256027948,0.8536790840836932,Geography
307,BENE_COUNTY_CD_902,-0.7766948892411728,0.4599236004637461,0.7766948892411728,Geography
308,BENE_COUNTY_CD_903,-0.1054911443990581,0.8998824418112976,0.1054911443990581,Geography
309,BENE_COUNTY_CD_905,-0.5721884544077079,0.5642891653179201,0.5721884544077079,Geography
310,BENE_COUNTY_CD_910,0.2834977795132917,1.3277659320239854,0.2834977795132917,Geography
311,BENE_COUNTY_CD_911,0.1079171618063192,1.1139554635058506,0.1079171618063192,Geography
312,BENE_COUNTY_CD_912,-0.2962491287998463,0.743602152230622,0.2962491287998463,Geography
313,BENE_COUNTY_CD_913,-0.053870334190098,0.9475549640182525,0.053870334190098,Geography
314,BENE_COUNTY_CD_920,0.0950518544456539,1.0997158788048969,0.0950518544456539,Geography
315,BENE_COUNTY_CD_921,0.5125737777125629,1.6695828047641288,0.5125737777125629,Geography
316,BENE_COUNTY_CD_930,0.2715897439052415,1.312048614939616,0.2715897439052415,Geography
317,BENE_COUNTY_CD_931,-0.4699809560963059,0.6250141708790421,0.4699809560963059,Geography
318,BENE_COUNTY_CD_932,-0.0112327776559741,0.9888300744363108,0.0112327776559741,Geography
319,BENE_COUNTY_CD_940,-0.0614137102226919,0.9404340920867073,0.0614137102226919,Geography
320,BENE_COUNTY_CD_941,0.150158012719288,1.1620178418214526,0.150158012719288,Geography
321,BENE_COUNTY_CD_942,-1.2265895087593224,0.2932911407842191,1.2265895087593224,Geography
322,BENE_COUNTY_CD_943,-0.7225805523532157,0.4854977855898066,0.7225805523532157,Geography
323,BENE_COUNTY_CD_944,-0.0625918143957286,0.939326815130224,0.0625918143957286,Geography
324,BENE_COUNTY_CD_945,1.2300795939444762,3.4215018562807926,1.2300795939444762,Geography
325,BENE_COUNTY_CD_946,-0.6871332619515109,0.5030160192613169,0.6871332619515109,Geography
326,BENE_COUNTY_CD_947,1.0096736170097882,2.744705043770548,1.0096736170097882,Geography
327,BENE_COUNTY_CD_948,0.8410099017752438,2.3187074615339904,0.8410099017752438,Geography
328,BENE_COUNTY_CD_949,0.4599401661189372,1.5839792065355789,0.4599401661189372,Geography
329,BENE_COUNTY_CD_950,-0.0958719250479593,0.9085803750051684,0.0958719250479593,Geography
330,BENE_COUNTY_CD_951,-0.761193099475867,0.4671087871670146,0.761193099475867,Geography
331,BENE_COUNTY_CD_952,-0.999940793666439,0.3679012226091397,0.999940793666439,Geography
332,BENE_COUNTY_CD_953,0.7613424639579186,2.14114870692826,0.7613424639579186,Geography
333,BENE_COUNTY_CD_954,-1.0447451416270943,0.3517814624055707,1.0447451416270943,Geography
334,BENE_COUNTY_CD_960,-0.1892765323732604,0.8275576285750477,0.1892765323732604,Geography
335,BENE_COUNTY_CD_961,-0.6578457066220573,0.5179659841090314,0.6578457066220573,Geography
336,BENE_COUNTY_CD_962,-0.3485593515659227,0.7057040291417366,0.3485593515659227,Geography
337,BENE_COUNTY_CD_963,0.8893267912738874,2.433490852448144,0.8893267912738874,Geography
338,BENE_COUNTY_CD_970,0.2540007131773448,1.2891727236762565,0.2540007131773448,Geography
339,BENE_COUNTY_CD_971,0.696168659528412,2.006052096473738,0.696168659528412,Geography
340,BENE_COUNTY_CD_972,0.8837790171612581,2.420027774481628,0.8837790171612581,Geography
341,BENE_COUNTY_CD_973,0.0005115063439073,1.0005116371855851,0.0005115063439073,Geography
342,BENE_COUNTY_CD_974,-0.0651228263177895,0.9369523738995096,0.0651228263177895,Geography
343,BENE_COUNTY_CD_975,0.5498861273505387,1.733055658991166,0.5498861273505387,Geography
344,BENE_COUNTY_CD_976,-0.3974754730947053,0.6720144248796147,0.3974754730947053,Geography
345,BENE_COUNTY_CD_977,0.6987437329389811,2.0112244846690626,0.6987437329389811,Geography
346,BENE_COUNTY_CD_978,-0.6691611952591061,0.5121379814352769,0.6691611952591061,Geography
347,BENE_COUNTY_CD_979,0.0242015580868929,1.0244967926951527,0.0242015580868929,Geography
348,BENE_COUNTY_CD_980,-0.3165708971011017,0.7286433510271902,0.3165708971011017,Geography
349,BENE_COUNTY_CD_981,-0.2252493206398841,0.7983171570008918,0.2252493206398841,Geography
350,BENE_COUNTY_CD_982,0.0022415603311276,1.0022440745056935,0.0022415603311276,Geography
351,BENE_COUNTY_CD_983,-1.4214915813543447,0.2413537495271888,1.4214915813543447,Geography
352,BENE_COUNTY_CD_984,1.0148052940735628,2.758826185270506,1.0148052940735628,Geography
353,BENE_COUNTY_CD_985,-2.46340176099863,0.085144815448833,2.46340176099863,Geography
354,BENE_COUNTY_CD_986,0.5338030528736398,1.7054057396149238,0.5338030528736398,Geography
355,BENE_COUNTY_CD_987,1.1528455514799925,3.1671925085363446,1.1528455514799925,Geography
356,BENE_COUNTY_CD_988,-0.747572190474316,0.4735147620100874,0.747572190474316,Geography
357,BENE_COUNTY_CD_989,-0.082092158667232,0.9211870594126396,0.082092158667232,Geography
358,BENE_COUNTY_CD_990,-0.6529253098490069,0.5205208626192498,0.6529253098490069,Geography
359,BENE_COUNTY_CD_991,0.2090043368383011,1.2324503434565186,0.2090043368383011,Geography
360,BENE_COUNTY_CD_992,-0.2504954025556514,0.7784150587254302,0.2504954025556514,Geography
361,BENE_COUNTY_CD_993,-0.8175611671804817,0.4415071045681607,0.8175611671804817,Geography
362,BENE_COUNTY_CD_994,-0.2461425284137762,0.7818107867328054,0.2461425284137762,Geography
363,BENE_COUNTY_CD_995,-0.0427841409210719,0.9581181862559998,0.0427841409210719,Geography
364,BENE_COUNTY_CD_996,-0.7687951012818874,0.4635712883955031,0.7687951012818874,Geography
365,BENE_COUNTY_CD_999,0.4163614998855758,1.5164339605002737,0.4163614998855758,Geography
366,SEX_Female,-0.2132787299865589,0.8079309112572969,0.2132787299865589,Demographics
367,SEX_Male,-0.2099786801909522,0.8106015276557488,0.2099786801909522,Demographics
368,RACE_Black,-0.0080992546015861,0.9919334559909204,0.0080992546015861,Demographics
369,RACE_Hispanic,-0.252802865634421,0.7766209654155363,0.252802865634421,Demographics
370,RACE_Others,-0.0983594775050319,0.9063230424414744,0.0983594775050319,Demographics
371,RACE_White,-0.063995812436421,0.9380089274945268,0.063995812436421,Demographics
372,STATE_AK,-0.1208266135747446,0.8861875991729081,0.1208266135747446,Geography
373,STATE_AL,0.0660133154192891,1.0682409411473273,0.0660133154192891,Geography
374,STATE_AR,-0.1049096839249432,0.9004058400355041,0.1049096839249432,Geography
375,STATE_AZ,0.0973568514727938,1.1022536442835846,0.0973568514727938,Geography
376,STATE_CA,0.0093530833942683,1.009396960166441,0.0093530833942683,Geography
377,STATE_CO,-0.1904449579390714,0.8265912537630997,0.1904449579390714,Geography
378,STATE_CT,0.1495661808769632,1.1613303261282204,0.1495661808769632,Geography
379,STATE_DC,0.0858888664287231,1.089685220965534,0.0858888664287231,Geography
380,STATE_DE,0.0988221329518141,1.1038699400086422,0.0988221329518141,Geography
381,STATE_FL,-0.0685150318904419,0.9337794235280334,0.0685150318904419,Geography
382,STATE_GA,-0.0308020080502513,0.969667540438342,0.0308020080502513,Geography
383,STATE_HI,0.0048210201869321,1.0048326600024982,0.0048210201869321,Geography
384,STATE_IA,-0.0970442695966756,0.9075158298842204,0.0970442695966756,Geography
385,STATE_ID,-0.1577615244461171,0.8540534285495699,0.1577615244461171,Geography
386,STATE_IL,0.0350405177639211,1.035661670644591,0.0350405177639211,Geography
387,STATE_IN,-0.065278583588566,0.9368064481196988,0.065278583588566,Geography
388,STATE_KS,-0.2806038929112298,0.7553274667962203,0.2806038929112298,Geography
389,STATE_KY,-0.1399293307027972,0.8694196745052225,0.1399293307027972,Geography
390,STATE_LA,0.2370846958748269,1.267548469355599,0.2370846958748269,Geography
391,STATE_MD,0.017508490480806,1.0176626625593843,0.017508490480806,Geography
392,STATE_ME,0.1607923935861439,1.1744411219930433,0.1607923935861439,Geography
393,STATE_MI,-0.0294475802088629,0.9709817749690108,0.0294475802088629,Geography
394,STATE_MN,0.024704656208466,1.0250123447828847,0.024704656208466,Geography
395,STATE_MO,-0.1089475023173113,0.8967774950028696,0.1089475023173113,Geography
396,STATE_MS,-0.1447543930608412,0.8652347746808623,0.1447543930608412,Geography
397,STATE_MT,-0.0850934333945482,0.9184264686898804,0.0850934333945482,Geography
398,STATE_NC,-0.0604590234418755,0.9413323407875078,0.0604590234418755,Geography
399,STATE_ND,0.2103136313013825,1.2340650406936386,0.2103136313013825,Geography
400,STATE_NE,0.0769484873580476,1.0799864420047751,0.0769484873580476,Geography
401,STATE_NH,0.0497227853146254,1.0509797089800974,0.0497227853146254,Geography
402,STATE_NJ,0.0264287693237929,1.0267811063442531,0.0264287693237929,Geography
403,STATE_NM,0.0866409151869825,1.0905050256107491,0.0866409151869825,Geography
404,STATE_NV,0.069389780275355,1.071853915250485,0.069389780275355,Geography
405,STATE_NY,-0.0013210193284358,0.9986798528335074,0.0013210193284358,Geography
406,STATE_OH,0.0147072521912661,1.0148159359844355,0.0147072521912661,Geography
407,STATE_OK,0.116451220876914,1.123502705653783,0.116451220876914,Geography
408,STATE_OR,-0.0972853543550347,0.9072970680208008,0.0972853543550347,Geography
409,STATE_Others,-0.1147343734710775,0.8916029458506832,0.1147343734710775,Geography
410,STATE_PA,0.0194399875406698,1.0196301745101457,0.0194399875406698,Geography
411,STATE_RI,-0.2093738565821103,0.811091946890654,0.2093738565821103,Geography
412,STATE_SC,-0.0783453270303058,0.924645066469989,0.0783453270303058,Geography
413,STATE_SD,0.0531157335836419,1.0545516851028098,0.0531157335836419,Geography
414,STATE_TN,-0.064275173066143,0.9377469213286648,0.064275173066143,Geography
415,STATE_TX,0.0125444328584277,1.0126234442951896,0.0125444328584277,Geography
416,STATE_UT,0.077195579835661,1.0802533315023546,0.077195579835661,Geography
417,STATE_Unknown,0.017340405423279,1.017491623047201,0.017340405423279,Geography
418,STATE_VA,0.0462761182090101,1.047363567186804,0.0462761182090101,Geography
419,STATE_VT,0.1480797581897643,1.159605380700739,0.1480797581897643,Geography
420,STATE_WA,0.0364703165652493,1.0371435175788972,0.0364703165652493,Geography
421,STATE_WI,-0.0665113093743155,0.9356523341540184,0.0665113093743155,Geography
422,STATE_WV,-0.520406131578027,0.5942791434262001,0.520406131578027,Geography
423,STATE_WY,0.3657955849772011,1.4416605154650728,0.3657955849772011,Geography
