year,target,accuracy,roc_auc,precision,recall,f1,cv_roc_auc,best_params,model,model_path
2008,High_Payer_Cost,0.8999098286744815,0.6901194826680805,0.48484848484848486,0.02888086642599278,0.054514480408858604,0.6956873181438582,"{'model__colsample_bytree': 0.8, 'model__learning_rate': 0.05, 'model__max_depth': 3, 'model__n_estimators': 200, 'model__subsample': 0.8}","Pipeline(steps=[('preprocessor',
                 ColumnTransformer(transformers=[('num', StandardScaler(),
                                                  ['BENE_ESRD_IND', 'age']),
                                                 ('cat',
                                                  OneHotEncoder(handle_unknown='ignore'),
                                                  ['BENE_COUNTY_CD', 'SEX',
                                                   'RACE', 'STATE'])])),
                ('model',
                 XGBClassifier(base_score=None, booster=None, callbacks=None,
                               colsample_bylevel=None, colsample_bynode=None,
                               colsample_bytree=0.8, device=None,
                               ea...
                               feature_types=None, feature_weights=None,
                               gamma=None, grow_policy=None,
                               importance_type=None,
                               interaction_constraints=None, learning_rate=0.05,
                               max_bin=None, max_cat_threshold=None,
                               max_cat_to_onehot=None, max_delta_step=None,
                               max_depth=3, max_leaves=None,
                               min_child_weight=None, missing=nan,
                               monotone_constraints=None, multi_strategy=None,
                               n_estimators=200, n_jobs=1,
                               num_parallel_tree=None, ...))])",results/models/xgb_2008_High_Payer_Cost.joblib
2008,High_OOP_Burden,0.9012623985572588,0.7054077886443042,0.6055045871559633,0.0298237686398554,0.056847545219638244,0.6983214085741408,"{'model__colsample_bytree': 0.8, 'model__learning_rate': 0.05, 'model__max_depth': 3, 'model__n_estimators': 200, 'model__subsample': 0.8}","Pipeline(steps=[('preprocessor',
                 ColumnTransformer(transformers=[('num', StandardScaler(),
                                                  ['BENE_ESRD_IND', 'age']),
                                                 ('cat',
                                                  OneHotEncoder(handle_unknown='ignore'),
                                                  ['BENE_COUNTY_CD', 'SEX',
                                                   'RACE', 'STATE'])])),
                ('model',
                 XGBClassifier(base_score=None, booster=None, callbacks=None,
                               colsample_bylevel=None, colsample_bynode=None,
                               colsample_bytree=0.8, device=None,
                               ea...
                               feature_types=None, feature_weights=None,
                               gamma=None, grow_policy=None,
                               importance_type=None,
                               interaction_constraints=None, learning_rate=0.05,
                               max_bin=None, max_cat_threshold=None,
                               max_cat_to_onehot=None, max_delta_step=None,
                               max_depth=3, max_leaves=None,
                               min_child_weight=None, missing=nan,
                               monotone_constraints=None, multi_strategy=None,
                               n_estimators=200, n_jobs=1,
                               num_parallel_tree=None, ...))])",results/models/xgb_2008_High_OOP_Burden.joblib
2009,High_Payer_Cost,0.9096934174932372,0.8379377807446257,0.7476851851851852,0.14569237708615246,0.24386560966402415,0.8354735780795476,"{'model__colsample_bytree': 0.8, 'model__learning_rate': 0.05, 'model__max_depth': 3, 'model__n_estimators': 200, 'model__subsample': 0.8}","Pipeline(steps=[('preprocessor',
                 ColumnTransformer(transformers=[('num', StandardScaler(),
                                                  ['BENE_ESRD_IND', 'age',
                                                   'prior_ESRD',
                                                   '2008_max_carrier_chronic_code_counts',
                                                   '2008_max_ip_chronic_code_counts',
                                                   '2008_max_op_chronic_code_counts',
                                                   '2008_has_Additional '
                                                   'endocrine/metabolic burden',
                                                   '2008_has_COPD',
                                                   '2008_has_Administrative_screening_aftercare',
                                                   '2008_ha...
                               feature_types=None, feature_weights=None,
                               gamma=None, grow_policy=None,
                               importance_type=None,
                               interaction_constraints=None, learning_rate=0.05,
                               max_bin=None, max_cat_threshold=None,
                               max_cat_to_onehot=None, max_delta_step=None,
                               max_depth=3, max_leaves=None,
                               min_child_weight=None, missing=nan,
                               monotone_constraints=None, multi_strategy=None,
                               n_estimators=200, n_jobs=1,
                               num_parallel_tree=None, ...))])",results/models/xgb_2009_High_Payer_Cost.joblib
2009,High_OOP_Burden,0.9171776375112715,0.900749925015649,0.6706096451319381,0.3331826401446655,0.44518272425249167,0.9009255028374653,"{'model__colsample_bytree': 0.8, 'model__learning_rate': 0.05, 'model__max_depth': 3, 'model__n_estimators': 200, 'model__subsample': 0.8}","Pipeline(steps=[('preprocessor',
                 ColumnTransformer(transformers=[('num', StandardScaler(),
                                                  ['BENE_ESRD_IND', 'age',
                                                   'prior_ESRD',
                                                   '2008_max_carrier_chronic_code_counts',
                                                   '2008_max_ip_chronic_code_counts',
                                                   '2008_max_op_chronic_code_counts',
                                                   '2008_has_Additional '
                                                   'endocrine/metabolic burden',
                                                   '2008_has_COPD',
                                                   '2008_has_Administrative_screening_aftercare',
                                                   '2008_ha...
                               feature_types=None, feature_weights=None,
                               gamma=None, grow_policy=None,
                               importance_type=None,
                               interaction_constraints=None, learning_rate=0.05,
                               max_bin=None, max_cat_threshold=None,
                               max_cat_to_onehot=None, max_delta_step=None,
                               max_depth=3, max_leaves=None,
                               min_child_weight=None, missing=nan,
                               monotone_constraints=None, multi_strategy=None,
                               n_estimators=200, n_jobs=1,
                               num_parallel_tree=None, ...))])",results/models/xgb_2009_High_OOP_Burden.joblib
2010,High_Payer_Cost,0.9045536519386835,0.7870265900802367,0.7475247524752475,0.06811005863779883,0.12484497726333195,0.7855947770172172,"{'model__colsample_bytree': 0.8, 'model__learning_rate': 0.05, 'model__max_depth': 3, 'model__n_estimators': 200, 'model__subsample': 0.8}","Pipeline(steps=[('preprocessor',
                 ColumnTransformer(transformers=[('num', StandardScaler(),
                                                  ['BENE_ESRD_IND', 'age',
                                                   'prior_has_Additional '
                                                   'endocrine/metabolic burden',
                                                   'prior_has_COPD',
                                                   'prior_has_Administrative_screening_aftercare',
                                                   'prior_has_Cancer',
                                                   'prior_has_Injury/Frailty '
                                                   'Burden',
                                                   'prior_has_Additional '
                                                   'cardiovascular burden',
                                                   'prior_has_Additional '
                                                   'men...
                               feature_types=None, feature_weights=None,
                               gamma=None, grow_policy=None,
                               importance_type=None,
                               interaction_constraints=None, learning_rate=0.05,
                               max_bin=None, max_cat_threshold=None,
                               max_cat_to_onehot=None, max_delta_step=None,
                               max_depth=3, max_leaves=None,
                               min_child_weight=None, missing=nan,
                               monotone_constraints=None, multi_strategy=None,
                               n_estimators=200, n_jobs=1,
                               num_parallel_tree=None, ...))])",results/models/xgb_2010_High_Payer_Cost.joblib
2010,High_OOP_Burden,0.9044634806131651,0.8260303211821437,0.675,0.08525033829499323,0.1513816579895875,0.8267068267573965,"{'model__colsample_bytree': 0.8, 'model__learning_rate': 0.05, 'model__max_depth': 3, 'model__n_estimators': 200, 'model__subsample': 0.8}","Pipeline(steps=[('preprocessor',
                 ColumnTransformer(transformers=[('num', StandardScaler(),
                                                  ['BENE_ESRD_IND', 'age',
                                                   'prior_has_Additional '
                                                   'endocrine/metabolic burden',
                                                   'prior_has_COPD',
                                                   'prior_has_Administrative_screening_aftercare',
                                                   'prior_has_Cancer',
                                                   'prior_has_Injury/Frailty '
                                                   'Burden',
                                                   'prior_has_Additional '
                                                   'cardiovascular burden',
                                                   'prior_has_Additional '
                                                   'men...
                               feature_types=None, feature_weights=None,
                               gamma=None, grow_policy=None,
                               importance_type=None,
                               interaction_constraints=None, learning_rate=0.05,
                               max_bin=None, max_cat_threshold=None,
                               max_cat_to_onehot=None, max_delta_step=None,
                               max_depth=3, max_leaves=None,
                               min_child_weight=None, missing=nan,
                               monotone_constraints=None, multi_strategy=None,
                               n_estimators=200, n_jobs=1,
                               num_parallel_tree=None, ...))])",results/models/xgb_2010_High_OOP_Burden.joblib
